{
    "value0": {
        "cam.T_i_c": [
            {
                "px": 0.0,
                "py": 0.0,
                "pz": 0.0,
                "qx": 0.0,
                "qy": 0.0,
                "qz": 0.0,
                "qw": 1.0
            },
            {
                "px": 0.11002631815223622,
                "py": -0.00028908964378215185,
                "pz": 0.00024618114440034465,
                "qx": 0.007123595350702447,
                "qy": 0.0006300007991472097,
                "qz": 0.0010774305748141574,
                "qw": 0.9999738479738504
            }
        ],
        "cam.intrinsics": [
            {
                "cam_type": "eucm",
                "fx": 460.97949866208628,
                "fy": 459.62650958263296,
                "cx": 365.8867492896418,
                "cy": 249.346486044204,
                "p1": 0.5916648096407775,
                "p2": 1.124112539944131,
                "p3": 0.0,
                "p4": 0.0,
                "width": 752,
                "height": 480
            },
            {
                "cam_type": "eucm",
                "fx": 459.7960643487621,
                "fy": 458.40630958578478,
                "cx": 379.35442505013966,
                "cy": 256.04009949802289,
                "p1": 0.6060839010938557,
                "p2": 1.088350919730379,
                "p3": 0.0,
                "p4": 0.0,
                "width": 752,
                "height": 480
            }
        ]
    }
}