{
    "value0": {
        "cam.T_i_c": [
            {
                "px": 0.0,
                "py": 0.0,
                "pz": 0.0,
                "qx": 0.0,
                "qy": 0.0,
                "qz": 0.0,
                "qw": 1.0
            },
            {
                "px": 0.11002263076486126,
                "py": -0.00028831176294512003,
                "pz": 0.0002519373817562096,
                "qx": 0.007129648722668769,
                "qy": 0.0006308484199464749,
                "qz": 0.001077197818201733,
                "qw": 0.9999738045490108
            }
        ],
        "cam.intrinsics": [
            {
                "cam_type": "kb4",
                "fx": 461.1581901632606,
                "fy": 459.8080285947973,
                "cx": 365.8972386901173,
                "cy": 249.3549231831901,
                "p1": -0.004593052532205411,
                "p2": 0.02753243203703095,
                "p3": -0.036977671771003067,
                "p4": 0.01861021724557229,
                "width": 752,
                "height": 480
            },
            {
                "cam_type": "kb4",
                "fx": 459.7448068651981,
                "fy": 458.35350534633889,
                "cx": 379.3639614954641,
                "cy": 256.0435254270624,
                "p1": 0.004549588612680162,
                "p2": 0.0024854904916044378,
                "p3": -0.01060134878472244,
                "p4": 0.010781041140889365,
                "width": 752,
                "height": 480
            }
        ]
    }
}