{
    "value0": {
        "cam.T_i_c": [
            {
                "px": 0.0,
                "py": 0.0,
                "pz": 0.0,
                "qx": 0.0,
                "qy": 0.0,
                "qz": 0.0,
                "qw": 1.0
            },
            {
                "px": 0.10960220177714061,
                "py": -0.00010490052806698534,
                "pz": 0.0037400002055085919,
                "qx": 0.005389357928739924,
                "qy": -0.03818008498755923,
                "qz": 0.003278934586413806,
                "qw": 0.9992509617305538
            }
        ],
        "cam.intrinsics": [
            {
                "cam_type": "pinhole",
                "fx": 546.2147378586983,
                "fy": 551.5811503832612,
                "cx": 399.08841094943986,
                "cy": 208.37160821353977,
                "p1": 0.0,
                "p2": 0.0,
                "p3": 0.0,
                "p4": 0.0,
                "width": 752,
                "height": 480
            },
            {
                "cam_type": "pinhole",
                "fx": 547.2084958014367,
                "fy": 550.37789035343,
                "cx": 368.8628411405756,
                "cy": 215.16198122823904,
                "p1": 0.0,
                "p2": 0.0,
                "p3": 0.0,
                "p4": 0.0,
                "width": 752,
                "height": 480
            }
        ]
    }
}