{
    "value0": {
        "cam.T_i_c": [
            {
                "px": 0.0,
                "py": 0.0,
                "pz": 0.0,
                "qx": 0.0,
                "qy": 0.0,
                "qz": 0.0,
                "qw": 1.0
            },
            {
                "px": 0.11002674958788143,
                "py": -0.0002891377986658214,
                "pz": 0.00024662504991969847,
                "qx": 0.007123658988065957,
                "qy": 0.0006289220700000702,
                "qz": 0.001077495211590824,
                "qw": 0.9999738481299002
            }
        ],
        "cam.intrinsics": [
            {
                "cam_type": "ds",
                "fx": 351.03728321687256,
                "fy": 350.0074555977411,
                "cx": 365.88809735482126,
                "cy": 249.3457383699361,
                "p1": -0.2385312817269864,
                "p2": 0.5678694845290975,
                "p3": 0.0,
                "p4": 0.0,
                "width": 752,
                "height": 480
            },
            {
                "cam_type": "ds",
                "fx": 362.9532887030669,
                "fy": 361.85685537441489,
                "cx": 379.3550191379888,
                "cy": 256.0392416777185,
                "p1": -0.21063783723054586,
                "p2": 0.5776109411992851,
                "p3": 0.0,
                "p4": 0.0,
                "width": 752,
                "height": 480
            }
        ]
    }
}